seed_key,source_name,state_source,state_code,city_name,locality_name,distance_km,zone,profile_code,range_1200,range_650,range_250,range_120,range_30,allowed_ranges,shipping_cost,free_from_qty,source_logistic_discount,source_row
GUA_026_14,ROMITA,Guanajuato,GUA,Romita,Romita,28,BAJÍO 1,PERFIL_01,0.05,0.04,0.03,0.02,0,1200|650|250|120|30,40,100,0.03,2
GUA_037_11,SILAO,Guanajuato,GUA,Silao de la Victoria,Silao,32,BAJÍO 1,PERFIL_01,0.05,0.04,0.03,0.02,0,1200|650|250|120|30,40,100,0.03,3
GUA_031_10,SAN FRANCISCO DEL RINCON (EAD),Guanajuato,GUA,San Francisco del Rincón,San Francisco del Rincón,34,BAJÍO 1,PERFIL_01,0.05,0.04,0.03,0.02,0,1200|650|250|120|30,40,100,0.03,4
GUA_025_29,PURISIMA DEL RINCON,Guanajuato,GUA,Purísima del Rincón,Purísima de Bustos,36,BAJÍO 1,PERFIL_01,0.05,0.04,0.03,0.02,0,1200|650|250|120|30,40,100,0.03,5
JAL_072_15,SAN DIEGO DE ALEJANDRIA,Jalisco,JAL,San Diego de Alejandría,San Diego de Alejandría,58,BAJÍO 1,PERFIL_01,0.05,0.04,0.03,0.02,0,1200|650|250|120|30,40,100,0.03,8
GUA_020_07,LEON,Guanajuato,GUA,León,León de los Aldama,60,BAJÍO 1,PERFIL_01,0.05,0.04,0.03,0.02,0,1200|650|250|120|30,40,100,0.03,9
GUA_017_06,IRAPUATO,Guanajuato,GUA,Irapuato,Irapuato,62,BAJÍO 1,PERFIL_01,0.05,0.04,0.03,0.02,0,1200|650|250|120|30,40,100,0.03,11
JAL_109_52,UNION DE SAN ANTONIO,Jalisco,JAL,Unión de San Antonio,Unión de San Antonio,68,BAJÍO 1,PERFIL_01,0.05,0.04,0.03,0.02,0,1200|650|250|120|30,40,100,0.03,12
JAL_053_04,LAGOS DE MORENO,Jalisco,JAL,Lagos de Moreno,Lagos de Moreno,70,BAJÍO 1,PERFIL_01,0.05,0.04,0.03,0.02,0,1200|650|250|120|30,40,100,0.03,13
JAL_074_27,SAN JULIAN,Jalisco,JAL,San Julián,San Julián,82,OCCIDENTE,PERFIL_01,0.05,0.04,0.03,0.02,0,1200|650|250|120|30,40,100,0.03,15
GUA_027_09,SALAMANCA,Guanajuato,GUA,Salamanca,Salamanca,86,BAJÍO 1,PERFIL_01,0.05,0.04,0.03,0.02,0,1200|650|250|120|30,40,100,0.03,18
GUA_001_24,ABASOLO,Guanajuato,GUA,Abasolo,Abasolo,94,BAJÍO 1,PERFIL_01,0.05,0.04,0.03,0.02,0,1200|650|250|120|30,40,100,0.03,20
GUA_015_05,GUANAJUATO,Guanajuato,GUA,Guanajuato,Guanajuato,104,BAJÍO 1,PERFIL_02,0.05,0.04,0.03,0,,1200|650|250|120,40,100,0.03,21
GUA_042_23,VALLE DE SANTIAGO,Guanajuato,GUA,Valle de Santiago,Valle de Santiago,104,BAJÍO 1,PERFIL_03,0.05,0.04,0.02,0,,1200|650|250|120,50,100,0.03,22
GUA_012_20,CUERAMARO,Guanajuato,GUA,Cuerámaro,Cuerámaro,108,BAJÍO 1,PERFIL_03,0.05,0.04,0.02,0,,1200|650|250|120,50,100,0.03,23
GUA_023_19,PENJAMO,Guanajuato,GUA,Pénjamo,Pénjamo,115,BAJÍO 1,PERFIL_03,0.05,0.04,0.02,0,,1200|650|250|120,50,100,0.03,24
GUA_016_16,HUANIMARO,Guanajuato,GUA,Huanímaro,Huanímaro,116,BAJÍO 1,PERFIL_03,0.05,0.04,0.02,0,,1200|650|250|120,50,100,0.03,25
GUA_007_03,CELAYA,Guanajuato,GUA,Celaya,Celaya,117,BAJÍO 1,PERFIL_03,0.05,0.04,0.02,0,,1200|650|250|120,50,100,0.03,26
GUA_044_26,VILLAGRAN,Guanajuato,GUA,Villagrán,Villagrán,131,BAJÍO 1,PERFIL_03,0.05,0.04,0.02,0,,1200|650|250|120,50,100,0.03,32
GUA_011_04,CORTAZAR,Guanajuato,GUA,Cortázar,Cortázar,132,BAJÍO 1,PERFIL_03,0.05,0.04,0.02,0,,1200|650|250|120,50,100,0.03,33
GUA_005_28,APASEO EL GRANDE,Guanajuato,GUA,Apaseo el Grande,Apaseo el Grande,139,BAJÍO 1,PERFIL_03,0.05,0.04,0.02,0,,1200|650|250|120,50,100,0.03,37
GUA_007_25,RINCON DE TAMAYO,Guanajuato,GUA,Celaya,Rincón de Tamayo,140,BAJÍO 1,PERFIL_03,0.05,0.04,0.02,0,,1200|650|250|120,50,100,0.03,39
GUA_009_21,EMPALME ESCOBEDO,Guanajuato,GUA,Comonfort,Empalme Escobedo (Escobedo),141,BAJÍO 1,PERFIL_03,0.05,0.04,0.02,0,,1200|650|250|120,50,100,0.03,40
GUA_041_18,URIANGATO,Guanajuato,GUA,Uriangato,Uriangato,147,BAJÍO 1,PERFIL_03,0.05,0.04,0.02,0,,1200|650|250|120,50,100,0.03,44
GUA_009_17,COMONFORT,Guanajuato,GUA,Comonfort,Comonfort,147,BAJÍO 1,PERFIL_03,0.05,0.04,0.02,0,,1200|650|250|120,50,100,0.03,46
GUA_021_08,MOROLEON,Guanajuato,GUA,Moroleón,Moroleón,152,BAJÍO 1,PERFIL_03,0.05,0.04,0.02,0,,1200|650|250|120,50,100,0.03,48
GUA_018_35,JARAL DEL PROGRESO,Guanajuato,GUA,Jaral del Progreso,Jaral del Progreso,155,BAJÍO 1,PERFIL_03,0.05,0.04,0.02,0,,1200|650|250|120,50,100,0.03,52
GUA_046_27,YURIRIA,Guanajuato,GUA,Yuriria,Yuriria,157,BAJÍO 1,PERFIL_03,0.05,0.04,0.02,0,,1200|650|250|120,50,100,0.03,53
JAL_116_51,VILLA HIDALGO,Jalisco,JAL,Villa Hidalgo,Villa Hidalgo,159,OCCIDENTE,PERFIL_03,0.05,0.04,0.02,0,,1200|650|250|120,50,100,0.03,57
GUA_028_30,SALVATIERRA,Guanajuato,GUA,Salvatierra,Salvatierra,164,BAJÍO 1,PERFIL_03,0.05,0.04,0.02,0,,1200|650|250|120,50,100,0.03,60
AGU_005_04,JESUS MARIA,Aguascalientes,AGU,Jesús María,Jesús María,176,BAJÍO 3,PERFIL_03,0.05,0.04,0.02,0,,1200|650|250|120,50,250,0.03,64
AGU_011_03,SAN FRANCISCO DE LOS ROMOS,Aguascalientes,AGU,San Francisco de los Romo,San Francisco de los Romo,182,BAJÍO 3,PERFIL_03,0.05,0.04,0.02,0,,1200|650|250|120,50,250,0.03,65
GUA_036_13,SANTIAGO MARAVATIO,Guanajuato,GUA,Santiago Maravatío,Santiago Maravatío,182,MICHOACÁN,PERFIL_03,0.05,0.04,0.02,0,,1200|650|250|120,50,250,0.03,66
QUE_014_01,QUERETARO,Querétaro,QUE,Querétaro,Querétaro,190,SURESTE,PERFIL_03,0.05,0.04,0.02,0,,1200|650|250|120,50,250,0.03,68
GUA_002_01,ACAMBARO,Guanajuato,GUA,Acámbaro,Acámbaro,191,MICHOACÁN,PERFIL_03,0.05,0.04,0.02,0,,1200|650|250|120,50,250,0.03,71
AGU_006_05,PABELLON DE ARTEAGA,Aguascalientes,AGU,Pabellón de Arteaga,Pabellón de Arteaga,199,BAJÍO 3,PERFIL_03,0.05,0.04,0.02,0,,1200|650|250|120,50,250,0.03,72
JAL_111_56,VALLE DE GUADALUPE,Jalisco,JAL,Valle de Guadalupe,Valle de Guadalupe,201,OCCIDENTE,PERFIL_03,0.05,0.04,0.02,0,,1200|650|250|120,50,250,0.03,75
JAL_105_14,TOTOTLAN,Jalisco,JAL,Tototlán,Tototlán,209,OCCIDENTE,PERFIL_03,0.05,0.04,0.02,0,,1200|650|250|120,50,250,0.03,79
AGU_003_02,CALVILLO,Aguascalientes,AGU,Calvillo,Calvillo,214,BAJÍO 3,PERFIL_03,0.05,0.04,0.02,0,,1200|650|250|120,50,250,0.03,86
AGU_007_06,RINCON DE ROMOS,Aguascalientes,AGU,Rincón de Romos,Rincón de Romos,219,BAJÍO 3,PERFIL_03,0.05,0.04,0.02,0,,1200|650|250|120,50,250,0.03,98
GUA_032_32,SAN JOSE ITURBIDE,Guanajuato,GUA,San José Iturbide,San José Iturbide,221,BAJÍO 2,PERFIL_03,0.05,0.04,0.02,0,,1200|650|250|120,50,250,0.03,99
GUA_019_12,JERECUARO,Guanajuato,GUA,Jerécuaro,Jerécuaro,224,MICHOACÁN,PERFIL_03,0.05,0.04,0.02,0,,1200|650|250|120,50,250,0.03,101
JAL_078_30,SAN MIGUEL EL ALTO,Jalisco,JAL,San Miguel el Alto,San Miguel el Alto,224,OCCIDENTE,PERFIL_03,0.05,0.04,0.02,0,,1200|650|250|120,50,250,0.03,102
JAL_091_39,TEOCALTICHE,Jalisco,JAL,Teocaltiche,Teocaltiche,224,OCCIDENTE,PERFIL_03,0.05,0.04,0.02,0,,1200|650|250|120,50,250,0.03,103
JAL_008_20,ARANDAS,Jalisco,JAL,Arandas,Arandas,225,OCCIDENTE,PERFIL_03,0.05,0.04,0.02,0,,1200|650|250|120,50,250,0.03,104
AGU_002_07,ASIENTOS,Aguascalientes,AGU,Asientos,Asientos,229,BAJÍO 3,PERFIL_04,0.05,0.04,0.02,N/A,,1200|650|250,50,250,0.03,106
JAL_046_18,JALOSTOTITLAN,Jalisco,JAL,Jalostotitlán,Jalostotitlán,229,OCCIDENTE,PERFIL_03,0.05,0.04,0.02,0,,1200|650|250|120,50,250,0.03,107
JAL_039_03,GUADALAJARA,Jalisco,JAL,Guadalajara,Guadalajara,230,OCCIDENTE,PERFIL_03,0.05,0.04,0.02,0,,1200|650|250|120,50,250,0.03,109
GUA_004_33,APASEO EL ALTO,Guanajuato,GUA,Apaseo el Alto,Apaseo el Alto,230,BAJÍO 1,PERFIL_03,0.05,0.04,0.02,0,,1200|650|250|120,50,250,0.03,111
JAL_063_05,OCOTLAN,Jalisco,JAL,Ocotlán,Ocotlán,235,OCCIDENTE,PERFIL_04,0.05,0.04,0.02,N/A,,1200|650|250,50,250,0.03,115
GUA_003_02,SAN MIGUEL ALLENDE,Guanajuato,GUA,San Miguel de Allende,San miguel de Allende,237,BAJÍO 1,PERFIL_03,0.05,0.04,0.02,0,,1200|650|250|120,50,250,0.03,116
JAL_073_07,SAN JUAN DE LOS LAGOS,Jalisco,JAL,San Juan de los Lagos,San Juan de los Lagos,240,OCCIDENTE,PERFIL_04,0.05,0.04,0.02,N/A,,1200|650|250,50,250,0.03,117
GUA_013_38,DOCTOR MORA,Guanajuato,GUA,Doctor Mora,Doctor Mora,242,BAJÍO 1,PERFIL_03,0.05,0.04,0.02,0,,1200|650|250|120,50,250,0.03,118
JAL_018_32,LA BARCA,Jalisco,JAL,La Barca,La Barca,246,OCCIDENTE,PERFIL_04,0.05,0.04,0.02,N/A,,1200|650|250,50,250,0.03,123
JAL_101_12,TONALA,Jalisco,JAL,Tonalá,Tonalá,250,OCCIDENTE,PERFIL_04,0.05,0.04,0.02,N/A,,1200|650|250,50,250,0.03,124
JAL_120_10,ZAPOPAN,Jalisco,JAL,Zapopan,Zapopan,250,OCCIDENTE,PERFIL_04,0.05,0.04,0.02,N/A,,1200|650|250,50,250,0.03,126
MIC_053_06,MORELIA,Michoacán de Ocampo,MIC,Morelia,Morelia,251,MICHOACÁN,PERFIL_04,0.05,0.04,0.02,N/A,,1200|650|250,50,250,0.03,127
ZAC_056_03,ZACATECAS,Zacatecas,ZAC,Zacatecas,Zacatecas,253,BAJÍO 3,PERFIL_04,0.05,0.04,0.02,N/A,,1200|650|250,50,250,0.03,128
ZAC_049_13,VALPARAISO,Zacatecas,ZAC,Valparaíso,Valparaíso,253,BAJÍO 3,PERFIL_04,0.05,0.04,0.02,N/A,,1200|650|250,50,250,0.03,129
QUE_016_02,SAN JUAN DEL RIO,Querétaro,QUE,San Juan del Río,San Juan del Rio,256,SURESTE,PERFIL_03,0.05,0.04,0.02,0,,1200|650|250|120,50,250,0.03,131
ZAC_017_04,GUADALUPE,Zacatecas,ZAC,Guadalupe,Guadalupe,268,BAJÍO 3,PERFIL_04,0.05,0.04,0.02,N/A,,1200|650|250,50,250,0.03,137
JAL_097_11,TLAJOMULCO DE ZUÑIGA,Jalisco,JAL,Tlajomulco de Zúñiga,Tlajomulco de Zúñiga,270,OCCIDENTE,PERFIL_04,0.05,0.04,0.02,N/A,,1200|650|250,50,250,0.03,140
GUA_033_22,SAN LUIS DE LA PAZ,Guanajuato,GUA,San Luis de la Paz,San Luis de la Paz,274,BAJÍO 2,PERFIL_03,0.05,0.04,0.02,0,,1200|650|250|120,50,250,0.03,143
JAL_030_46,CHAPALA,Jalisco,JAL,Chapala,Chapala,275,OCCIDENTE,PERFIL_04,0.05,0.04,0.02,N/A,,1200|650|250,50,250,0.03,145
JAL_083_31,TALA,Jalisco,JAL,Tala,Tala,280,OCCIDENTE,PERFIL_04,0.05,0.04,0.02,N/A,,1200|650|250,50,250,0.03,153
JAL_002_55,ACATLAN DE JUAREZ,Jalisco,JAL,Acatlán de Juárez,Acatlán de Juárez,280,OCCIDENTE,PERFIL_04,0.05,0.04,0.02,N/A,,1200|650|250,50,250,0.03,154
JAL_114_38,VILLA CORONA,Jalisco,JAL,Villa Corona,Villa Corona,284,OCCIDENTE,PERFIL_04,0.05,0.04,0.02,N/A,,1200|650|250,50,250,0.03,160
JAL_094_41,TEQUILA,Jalisco,JAL,Tequila,Tequila,296,OCCIDENTE,PERFIL_04,0.05,0.04,0.02,N/A,,1200|650|250,50,250,0.03,175
JAL_050_44,JOCOTEPEC,Jalisco,JAL,Jocotepec,Jocotepec,298,OCCIDENTE,PERFIL_04,0.05,0.04,0.02,N/A,,1200|650|250,50,250,0.03,177
ZAC_036_07,OJOCALIENTE,Zacatecas,ZAC,Ojocaliente,Ojocaliente,301,BAJÍO 3,PERFIL_04,0.05,0.04,0.02,N/A,,1200|650|250,50,250,0.03,179
JAL_024_28,COCULA,Jalisco,JAL,Cocula,Cocula,303,OCCIDENTE,PERFIL_05,0.05,0.04,N/A,N/A,,1200|650,50,250,0.03,181
JAL_119_49,ZACOALCO DE TORRES,Jalisco,JAL,Zacoalco de Torres,Zacoalco de Torres,305,OCCIDENTE,PERFIL_05,0.05,0.04,N/A,N/A,,1200|650,50,250,0.03,185
JAL_003_24,AHUALULCO DE MERCADO,Jalisco,JAL,Ahualulco de Mercado,Ahualulco de Mercado,305,OCCIDENTE,PERFIL_05,0.05,0.04,N/A,N/A,,1200|650,50,250,0.03,186
JAL_066_19,PONCITLAN,Jalisco,JAL,Poncitlán,Poncitlán,307,OCCIDENTE,PERFIL_05,0.05,0.04,N/A,N/A,,1200|650,50,250,0.03,190
MIC_066_07,PATZCUARO,Michoacán de Ocampo,MIC,Pátzcuaro,Pátzcuaro,311,MICHOACÁN,PERFIL_05,0.05,0.04,N/A,N/A,,1200|650,50,250,0.03,195
JAL_006_01,AMECA,Jalisco,JAL,Ameca,Ameca,312,OCCIDENTE,PERFIL_05,0.05,0.04,N/A,N/A,,1200|650,50,250,0.03,196
ZAC_010_01,FRESNILLO,Zacatecas,ZAC,Fresnillo,Fresnillo,314,BAJÍO 3,PERFIL_04,0.05,0.04,0.02,N/A,,1200|650|250,50,250,0.03,197
ZAC_055_09,VILLANUEVA,Zacatecas,ZAC,Villanueva,Villanueva,314,BAJÍO 3,PERFIL_04,0.05,0.04,0.02,N/A,,1200|650|250,50,250,0.03,198
JAL_036_22,ETZATLAN,Jalisco,JAL,Etzatlán,Etzatlán,315,OCCIDENTE,PERFIL_05,0.05,0.04,N/A,N/A,,1200|650,50,250,0.03,199
ZAC_025_14,LUIS MOYA,Zacatecas,ZAC,Luis Moya,Luis Moya,316,BAJÍO 3,PERFIL_04,0.05,0.04,0.02,N/A,,1200|650|250,50,250,0.03,200
JAL_047_33,JAMAY,Jalisco,JAL,Jamay,Jamay,327,OCCIDENTE,PERFIL_05,0.05,0.04,N/A,N/A,,1200|650,50,250,0.03,207
ZAC_051_10,VILLA DE COS,Zacatecas,ZAC,Villa de Cos,Villa de Cos,328,BAJÍO 3,PERFIL_04,0.05,0.04,0.02,N/A,,1200|650|250,50,250,0.03,208
AGU_004_09,COSIO,Aguascalientes,AGU,Cosío,Cosío,333,BAJÍO 3,PERFIL_04,0.05,0.04,0.02,N/A,,1200|650|250,50,250,0.03,210
MIC_107_10,ZACAPU,Michoacán de Ocampo,MIC,Zacapu,Zacapu,335,MICHOACÁN,PERFIL_05,0.05,0.04,N/A,N/A,,1200|650,50,250,0.03,211
MIC_071_17,PURUANDIRO,Michoacán de Ocampo,MIC,Puruándiro,Puruándiro,346,MICHOACÁN,PERFIL_05,0.05,0.04,N/A,N/A,,1200|650,50,250,0.03,216
ZAC_024_18,LORETO,Zacatecas,ZAC,Loreto,Loreto,353,BAJÍO 3,PERFIL_04,0.05,0.04,0.02,N/A,,1200|650|250,50,250,0.03,221
ZAC_054_08,VILLA HIDALGO,Zacatecas,ZAC,Villa Hidalgo,Villa Hidalgo,365,BAJÍO 3,PERFIL_04,0.05,0.04,0.02,N/A,,1200|650|250,50,250,0.03,227
MIC_102_09,URUAPAN,Michoacán de Ocampo,MIC,Uruapan,Uruapan,368,MICHOACÁN,PERFIL_05,0.05,0.04,N/A,N/A,,1200|650,50,250,0.03,228
MIC_098_24,TUXPAN,Michoacán de Ocampo,MIC,Tuxpan,Tuxpan,369,MICHOACÁN,PERFIL_05,0.05,0.04,N/A,N/A,,1200|650,50,250,0.03,229
SLP_028_05,SAN LUIS POTOSI,San Luis Potosí,SLP,San Luis Potosí,San Luis Potosí,373,MICHOACÁN,PERFIL_06,0.05,0.04,0,N/A,,1200|650|250,50,250,0.03,230
SLP_040_11,TAMUIN,San Luis Potosí,SLP,Tamuín,Tamuin,373,MICHOACÁN,PERFIL_06,0.05,0.04,0,N/A,,1200|650|250,50,250,0.03,235
ZAC_039_05,RIO GRANDE,Zacatecas,ZAC,Río Grande,Rio grande,383,BAJÍO 3,PERFIL_04,0.05,0.04,0.02,N/A,,1200|650|250,50,250,0.03,241
SLP_035_06,SOLEDAD DE GRAC. SANCHEZ,San Luis Potosí,SLP,Soledad de Graciano Sánchez,Soledad de Graciano Sánchez,383,MICHOACÁN,PERFIL_06,0.05,0.04,0,N/A,,1200|650|250,50,250,0.03,242
JAL_025_35,COLOTLAN,Jalisco,JAL,Colotlán,Colotlán,394,OCCIDENTE,PERFIL_05,0.05,0.04,N/A,N/A,,1200|650,80,650,0.03,267
MEX_095_13,TEPOTZOTLAN,México,MEX,Tepotzotlán,Tepotzotlán,403,SURESTE,PERFIL_05,0.05,0.04,N/A,N/A,,1200|650,80,650,0.03,280
MEX_033_05,ECATEPEC DE MORELOS,México,MEX,Ecatepec de Morelos,Ecatepec de Morelos,404,SURESTE,PERFIL_05,0.05,0.04,N/A,N/A,,1200|650,80,650,0.03,281
MEX_076_32,SAN MATEO ATENCO,México,MEX,San Mateo Atenco,San Mateo Atenco,404,SURESTE,PERFIL_05,0.05,0.04,N/A,N/A,,1200|650,80,650,0.03,283
MEX_120_41,ZUMPANGO,México,MEX,Zumpango,Zumpango,406,SURESTE,PERFIL_05,0.05,0.04,N/A,N/A,,1200|650,80,650,0.03,287
MEX_121_04,CUAUTITLAN IZCALLI,México,MEX,Cuautitlán Izcalli,Cuautitlán Izcalli,406,SURESTE,PERFIL_05,0.05,0.04,N/A,N/A,,1200|650,80,650,0.03,289
MEX_024_17,CUAUTITLAN,México,MEX,Cuautitlán,Cuautitlán,406,SURESTE,PERFIL_05,0.05,0.04,N/A,N/A,,1200|650,80,650,0.03,290
MEX_053_26,MELCHOR OCAMPO,México,MEX,Melchor Ocampo,Melchor Ocampo,408,SURESTE,PERFIL_05,0.05,0.04,N/A,N/A,,1200|650,80,650,0.03,300
MEX_054_08,METEPEC,México,MEX,Metepec,Metepec,413,SURESTE,PERFIL_05,0.05,0.04,N/A,N/A,,1200|650,80,650,0.03,308
MEX_062_40,OCOYOACAC,México,MEX,Ocoyoacac,Ocoyoacac,413,SURESTE,PERFIL_05,0.05,0.04,N/A,N/A,,1200|650,80,650,0.03,309
JAL_108_13,TUXPAN,Jalisco,JAL,Tuxpan,Tuxpan,414,OCCIDENTE,PERFIL_05,0.05,0.04,N/A,N/A,,1200|650,110,650,0.03,314
MEX_019_28,CAPULHUAC,México,MEX,Capulhuac,Capulhuac,416,SURESTE,PERFIL_05,0.05,0.04,N/A,N/A,,1200|650,80,650,0.03,320
SLP_036_12,TAMASOPO,San Luis Potosí,SLP,Tamasopo,Tamasopo,417,MICHOACÁN,PERFIL_05,0.05,0.04,N/A,N/A,,1200|650,110,650,0.03,323
MEX_115_31,XONACATLAN,México,MEX,Xonacatlán,Xonacatlán,418,SURESTE,PERFIL_05,0.05,0.04,N/A,N/A,,1200|650,80,650,0.03,327
MEX_031_02,CHIMALHUACAN,México,MEX,Chimalhuacán,Chimalhuacán,420,SURESTE,PERFIL_05,0.05,0.04,N/A,N/A,,1200|650,80,650,0.03,330
ZAC_042_16,SOMBRERETE,Zacatecas,ZAC,Sombrerete,Sombrerete,423,BAJÍO 3,PERFIL_04,0.05,0.04,0.02,N/A,,1200|650|250,110,650,0.03,338
ZAC_019_17,JALPA,Zacatecas,ZAC,Jalpa,Jalpa,423,BAJÍO 3,PERFIL_04,0.05,0.04,0.02,N/A,,1200|650|250,110,650,0.03,339
MEX_122_21,VALLE DE CHALCO SOLIDARIDAD,México,MEX,Valle de Chalco Solidaridad,Valle de Chalco Solidaridad,423,SURESTE,PERFIL_05,0.05,0.04,N/A,N/A,,1200|650,80,650,0.03,344
MEX_005_39,ALMOLOYA DE JUAREZ,México,MEX,Almoloya de Juárez,Almoloya de Juárez,425,SURESTE,PERFIL_05,0.05,0.04,N/A,N/A,,1200|650,80,650,0.03,352
COL_002_01,COLIMA,Colima,COL,Colima,Colima,429,OCCIDENTE,PERFIL_07,0.05,0.02,N/A,N/A,,1200|650,80,650,0.03,358
MEX_039_18,IXTAPALUCA,México,MEX,Ixtapaluca,Ixtapaluca,430,SURESTE,PERFIL_05,0.05,0.04,N/A,N/A,,1200|650,80,650,0.03,360
MEX_030_36,CHICONCUAC,México,MEX,Chiconcuac,Chiconcuac,442,SURESTE,PERFIL_05,0.05,0.04,N/A,N/A,,1200|650,80,650,0.03,379
NAY_017_02,TEPIC,Nayarit,NAY,Tepic,Tepic,443,OCCIDENTE,PERFIL_08,0.04,0.03,N/A,N/A,,1200|650,110,650,0.03,382
SLP_050_16,VILLA DE REYES,San Luis Potosí,SLP,Villa de Reyes,Villa de Reyes,443,MICHOACÁN,PERFIL_05,0.05,0.04,N/A,N/A,,1200|650,110,650,0.03,384
JAL_015_25,AUTLAN DE NAVARRO,Jalisco,JAL,Autlán de Navarro,Autlán de Navarro,446,OCCIDENTE,PERFIL_05,0.05,0.04,N/A,N/A,,1200|650,110,650,0.03,389
ZAC_022_19,JUAN ALDAMA,Zacatecas,ZAC,Juan Aldama,Juan Aldama,458,BAJÍO 3,PERFIL_04,0.05,0.04,0.02,N/A,,1200|650|250,110,650,0.03,402
NAY_008_14,XALISCO,Nayarit,NAY,Xalisco,Xalisco,463,OCCIDENTE,PERFIL_08,0.04,0.03,N/A,N/A,,1200|650,110,650,0.03,409
SLP_008_10,CERRITOS,San Luis Potosí,SLP,Cerritos,Cerritos,478,MICHOACÁN,PERFIL_05,0.05,0.04,N/A,N/A,,1200|650,110,650,0.03,417
NAY_004_06,COMPOSTELA,Nayarit,NAY,Compostela,Compostela,481,OCCIDENTE,PERFIL_08,0.04,0.03,N/A,N/A,,1200|650,110,650,0.03,420
VER_072_43,HUAYACOCOTLA,Veracruz,VER,Huayacocotla,Huayacocotla,484,SURESTE,PERFIL_09,0.02,0,N/A,N/A,,1200|650,110,650,0.03,421
COL_009_03,TECOMAN,Colima,COL,Tecomán,Tecomán,489,OCCIDENTE,PERFIL_07,0.05,0.02,N/A,N/A,,1200|650,80,650,0.03,427
JAL_121_37,ZAPOTILTIC,Jalisco,JAL,Zapotiltic,Zapotiltic,494,OCCIDENTE,PERFIL_05,0.05,0.04,N/A,N/A,,1200|650,110,650,0.03,433
NAY_015_01,SANTIAGO IXCUINTLA,Nayarit,NAY,Santiago Ixcuintla,Santiago Ixcuintla,495,OCCIDENTE,PERFIL_08,0.04,0.03,N/A,N/A,,1200|650,110,650,0.03,434
MEX_008_24,AMATEPEC,México,MEX,Amatepec,Amatepec,501,SURESTE,PERFIL_05,0.05,0.04,N/A,N/A,,1200|650,80,650,0.03,440
PUE_114_03,PUEBLA,Puebla,PUE,Puebla,Puebla (Heroica Puebla),503,SURESTE,PERFIL_10,0.04,0.02,N/A,N/A,,1200|650,110,650,0.03,443
VER_183_69,TLAPACOYAN,Veracruz,VER,Tlapacoyan,Tlapacoyan,503,SURESTE,PERFIL_09,0.02,0,N/A,N/A,,1200|650,110,650,0.03,446
SLP_015_07,CHARCAS,San Luis Potosí,SLP,Charcas,Charcas,503,MICHOACÁN,PERFIL_05,0.05,0.04,N/A,N/A,,1200|650,110,650,0.03,448
HID_003_01,ACTOPAN,Hidalgo,HID,Actopan,Actopan,504,SURESTE,PERFIL_11,0.05,0.03,N/A,N/A,,1200|650,90,650,0.03,450
HID_069_10,TIZAYUCA,Hidalgo,HID,Tizayuca,Tizayuca,510,SURESTE,PERFIL_11,0.05,0.03,N/A,N/A,,1200|650,90,650,0.03,456
NAY_012_10,SAN BLAS,Nayarit,NAY,San Blas,San Blas,515,OCCIDENTE,PERFIL_08,0.04,0.03,N/A,N/A,,1200|650,110,650,0.03,464
NAY_002_18,AHUACATLAN,Nayarit,NAY,Ahuacatlán,Ahuacatlán,515,OCCIDENTE,PERFIL_08,0.04,0.03,N/A,N/A,,1200|650,110,650,0.03,465
PUE_119_07,SAN ANDRES CHOLULA,Puebla,PUE,San Andrés Cholula,San Andrés Cholula,517,SURESTE,PERFIL_10,0.04,0.02,N/A,N/A,,1200|650,110,650,0.03,468
SLP_024_04,RIOVERDE,San Luis Potosí,SLP,Rioverde,Rioverde,523,MICHOACÁN,PERFIL_05,0.05,0.04,N/A,N/A,,1200|650,110,650,0.03,478
PUE_015_17,AMOZOC,Puebla,PUE,Amozoc,Amozoc,523,SURESTE,PERFIL_10,0.04,0.02,N/A,N/A,,1200|650,110,650,0.03,480
HID_061_15,TEPEAPULCO,Hidalgo,HID,Tepeapulco,Tepeapulco,523,SURESTE,PERFIL_11,0.05,0.03,N/A,N/A,,1200|650,90,650,0.03,482
NAY_018_03,TUXPAN,Nayarit,NAY,Tuxpan,Tuxpan,526,OCCIDENTE,PERFIL_08,0.04,0.03,N/A,N/A,,1200|650,110,650,0.03,486
COL_007_02,MANZANILLO,Colima,COL,Manzanillo,Manzanillo,527,OCCIDENTE,PERFIL_07,0.05,0.02,N/A,N/A,,1200|650,80,650,0.03,489
JAL_085_54,TAMAZULA DE GORDIANO,Jalisco,JAL,Tamazula de Gordiano,Tamazula de Gordiano,527,OCCIDENTE,PERFIL_05,0.05,0.04,N/A,N/A,,1200|650,110,650,0.03,491
NAY_007_17,JALA,Nayarit,NAY,Jala,Jala,528,OCCIDENTE,PERFIL_08,0.04,0.03,N/A,N/A,,1200|650,110,650,0.03,493
NAY_011_09,RUIZ,Nayarit,NAY,Ruíz,Ruiz,528,OCCIDENTE,PERFIL_08,0.04,0.03,N/A,N/A,,1200|650,110,650,0.03,494
NAY_006_11,IXTLÁN DEL RIO,Nayarit,NAY,Ixtlán del Río,Ixtlán del Río,533,OCCIDENTE,PERFIL_08,0.04,0.03,N/A,N/A,,1200|650,110,650,0.03,508
PUE_140_08,SAN PEDRO CHOLULA,Puebla,PUE,San Pedro Cholula,San Pedro Cholula,538,SURESTE,PERFIL_10,0.04,0.02,N/A,N/A,,1200|650,110,650,0.03,514
PUE_019_01,ATLIXCO,Puebla,PUE,Atlixco,Atlixco,538,SURESTE,PERFIL_10,0.04,0.02,N/A,N/A,,1200|650,110,650,0.03,515
HID_076_05,TULA DE ALLENDE,Hidalgo,HID,Tula de Allende,Tula de Allende,543,SURESTE,PERFIL_11,0.05,0.03,N/A,N/A,,1200|650,90,650,0.03,524
PUE_164_12,TEPEACA,Puebla,PUE,Tepeaca,Tepeaca,543,SURESTE,PERFIL_10,0.04,0.02,N/A,N/A,,1200|650,110,650,0.03,525
PUE_041_11,CUAUTLANCINGO,Puebla,PUE,Cuautlancingo,Cuautlancingo,543,SURESTE,PERFIL_10,0.04,0.02,N/A,N/A,,1200|650,110,650,0.03,527
HID_030_12,IXMIQUILPAN,Hidalgo,HID,Ixmiquilpan,Ixmiquilpan,544,SURESTE,PERFIL_11,0.05,0.03,N/A,N/A,,1200|650,90,650,0.03,529
TLA_005_01,APIZACO,Tlaxcala,TLA,Apizaco,Apizaco,558,SURESTE,PERFIL_10,0.04,0.02,N/A,N/A,,1200|650,110,650,0.03,551
PUE_154_13,TECAMACHALCO,Puebla,PUE,Tecamachalco,Tecamachalco,564,SURESTE,PERFIL_10,0.04,0.02,N/A,N/A,,1200|650,110,650,0.03,560
HID_008_02,APAN,Hidalgo,HID,Apan,Apan,566,SURESTE,PERFIL_11,0.05,0.03,N/A,N/A,,1200|650,90,650,0.03,565
JAL_067_06,PUERTO VALLARTA,Jalisco,JAL,Puerto Vallarta,Puerto Vallarta,571,OCCIDENTE,PERFIL_05,0.05,0.04,N/A,N/A,,1200|650,110,650,0.03,572
JAL_022_36,CIHUATLAN,Jalisco,JAL,Cihuatlán,Cihuatlán,572,OCCIDENTE,PERFIL_05,0.05,0.04,N/A,N/A,,1200|650,110,650,0.03,574
HID_074_09,TLAXCOAPAN,Hidalgo,HID,Tlaxcoapan,Tlaxcoapan,576,SURESTE,PERFIL_11,0.05,0.03,N/A,N/A,,1200|650,90,650,0.03,579
TLA_033_03,TLAXCALA,Tlaxcala,TLA,Tlaxcala,Tlaxcala (Tlaxcala de Xicotencatl),579,SURESTE,PERFIL_10,0.04,0.02,N/A,N/A,,1200|650,110,650,0.03,582
TLA_010_06,CHIAUTEMPAN,Tlaxcala,TLA,Chiautempan,Chiautempan,587,SURESTE,PERFIL_10,0.04,0.02,N/A,N/A,,1200|650,110,650,0.03,590
TLA_013_04,HUAMANTLA,Tlaxcala,TLA,Huamantla,Huamantla,587,SURESTE,PERFIL_10,0.04,0.02,N/A,N/A,,1200|650,110,650,0.03,592
SLP_007_14,CEDRAL,San Luis Potosí,SLP,Cedral,Cedral,590,MICHOACÁN,PERFIL_05,0.05,0.04,N/A,N/A,,1200|650,110,650,0.03,598
HID_084_07,ZIMAPAN,Hidalgo,HID,Zimapán,Zimapan,593,SURESTE,PERFIL_11,0.05,0.03,N/A,N/A,,1200|650,90,650,0.03,602
DUR_016_09,NOMBRE DE DIOS,Durango,DUR,Nombre de Dios,Nombre de Dios,594,NORESTE,PERFIL_07,0.05,0.02,N/A,N/A,,1200|650,90,650,0.03,603
SLP_020_03,MATEHUALA,San Luis Potosí,SLP,Matehuala,Matehuala,595,MICHOACÁN,PERFIL_05,0.05,0.04,N/A,N/A,,1200|650,110,650,0.03,604
PUE_085_02,IZUCAR DE MATAMOROS,Puebla,PUE,Izúcar de Matamoros,Izúcar de Matamoros,600,SURESTE,PERFIL_12,0.04,N/A,N/A,N/A,,1200,110,650,0.03,606
NAY_001_04,ACAPONETA,Nayarit,NAY,Acaponeta,Acaponeta,603,OCCIDENTE,PERFIL_08,0.04,0.03,N/A,N/A,,1200|650,110,650,0.03,611
NAY_016_05,TECUALA,Nayarit,NAY,Tecuala,Tecuala,603,OCCIDENTE,PERFIL_08,0.04,0.03,N/A,N/A,,1200|650,110,650,0.03,612
DUR_001_05,CANATLAN,Durango,DUR,Canatlán,Canatlán,611,NORESTE,PERFIL_07,0.05,0.02,N/A,N/A,,1200|650,90,650,0.03,614
COA_030_08,SALTILLO,Coahuila,COA,Saltillo,Saltillo,628,NORTE,PERFIL_13,0.03,0.02,N/A,N/A,,1200|650,110,650,0.03,620
PUE_208_14,ZACATLAN,Puebla,PUE,Zacatlán,Zacatlán,630,SURESTE,PERFIL_12,0.04,N/A,N/A,N/A,,1200,110,650,0.03,623
DUR_038_10,VICENTE GUERRERO,Durango,DUR,Vicente Guerrero,Vicente Guerrero,637,NORESTE,PERFIL_07,0.05,0.02,N/A,N/A,,1200|650,90,650,0.03,624
PUE_156_05,TEHUACAN,Puebla,PUE,Tehuacán,Tehuacan,640,SURESTE,PERFIL_12,0.04,N/A,N/A,N/A,,1200,110,650,0.03,625
PUE_174_06,TEZIUTLAN,Puebla,PUE,Teziutlán,Teziutlán,645,SURESTE,PERFIL_12,0.04,N/A,N/A,N/A,,1200,110,650,0.03,627
DUR_007_02,GOMEZ PALACIO,Durango,DUR,Gómez Palacio,Gómez Palacio,646,NORESTE,PERFIL_07,0.05,0.02,N/A,N/A,,1200|650,90,650,0.03,628
COA_027_16,RAMOS ARIZPE,Coahuila,COA,Ramos Arizpe,Ramos Arizpe,648,NORTE,PERFIL_13,0.03,0.02,N/A,N/A,,1200|650,110,650,0.03,629
COA_004_23,ARTEAGA,Coahuila,COA,Arteaga,Arteaga,650,NORTE,PERFIL_13,0.03,0.02,N/A,N/A,,1200|650,110,650,0.03,630
COA_035_11,TORREON,Coahuila,COA,Torreón,Torreón,657,NORTE,PERFIL_13,0.03,0.02,N/A,N/A,,1200|650,110,650,0.03,635
COA_017_03,MATAMOROS,Coahuila,COA,Matamoros,Matamoros,661,NORTE,PERFIL_13,0.03,0.02,N/A,N/A,,1200|650,110,650,0.03,638
VER_040_49,COATZINTLA,Veracruz,VER,Coatzintla,Coatzintla,671,SURESTE,PERFIL_09,0.02,0,N/A,N/A,,1200|650,110,650,0.03,644
NLE_049_17,SANTIAGO,Nuevo León,NLE,Santiago,Santiago,750,NORTE,PERFIL_08,0.04,0.03,N/A,N/A,,1200|650,110,650,0.03,651
NLE_012_12,CIENEGA DE FLORES,Nuevo León,NLE,Ciénega de Flores,Ciénega de Flores,751,NORTE,PERFIL_08,0.04,0.03,N/A,N/A,,1200|650,110,650,0.03,656
NLE_018_21,GARCIA,Nuevo León,NLE,García,García,753,NORTE,PERFIL_08,0.04,0.03,N/A,N/A,,1200|650,110,650,0.03,658
NLE_009_15,CADEREYTA DE JIMENEZ,Nuevo León,NLE,Cadereyta Jiménez,Cadereyta Jiménez,754,NORTE,PERFIL_08,0.04,0.03,N/A,N/A,,1200|650,110,650,0.03,659
NLE_038_06,MONTEMORELOS,Nuevo León,NLE,Montemorelos,Montemorelos,796,NORTE,PERFIL_08,0.04,0.03,N/A,N/A,,1200|650,110,650,0.03,667
TAM_003_01,ALTAMIRA,Tamaulipas,TAM,Altamira,Altamira,825,SURESTE,PERFIL_13,0.03,0.02,N/A,N/A,,1200|650,131,650,0.03,670
GRO_022_14,COYUCA DE CATALAN,Guerrero,GRO,Coyuca de Catalán,Coyuca de Catalán,826,MICHOACÁN,PERFIL_10,0.04,0.02,N/A,N/A,,1200|650,120,650,0.03,672
TAM_038_10,TAMPICO,Tamaulipas,TAM,Tampico,Tampico,835,SURESTE,PERFIL_10,0.04,0.02,N/A,N/A,,1200|650,131,650,0.03,674
TAM_009_03,CIUDAD MADERO,Tamaulipas,TAM,Ciudad Madero,Ciudad Madero,835,SURESTE,PERFIL_13,0.03,0.02,N/A,N/A,,1200|650,131,650,0.03,675
NLE_033_05,LINARES,Nuevo León,NLE,Linares,Linares,848,NORTE,PERFIL_08,0.04,0.03,N/A,N/A,,1200|650,131,650,0.03,676
COA_018_04,MONCLOVA,Coahuila,COA,Monclova,Monclova,931,NORTE,PERFIL_14,0.03,0,N/A,N/A,,1200|650,110,650,0.03,680
TAM_012_12,GONZALEZ,Tamaulipas,TAM,González,González,935,SURESTE,PERFIL_15,0.02,N/A,N/A,N/A,,1200,131,650,0.03,682
TAM_032_07,REYNOSA,Tamaulipas,TAM,Reynosa,Reynosa,940,SURESTE,PERFIL_15,0.02,N/A,N/A,N/A,,1200,131,650,0.03,683
SIN_018_07,NAVOLATO,Sinaloa,SIN,Navolato,Navolato,948,NORESTE,PERFIL_13,0.03,0.02,N/A,N/A,,1200|650,90,650,0.03,686
COA_010_02,FRONTERA,Coahuila,COA,Frontera,Frontera,951,NORTE,PERFIL_14,0.03,0,N/A,N/A,,1200|650,110,650,0.03,687
COA_031_19,SAN BUENAVENTURA,Coahuila,COA,San Buenaventura,San Buenaventura,953,NORTE,PERFIL_14,0.03,0,N/A,N/A,,1200|650,110,650,0.03,689
OAX_540_34,VILLA DE TAMAZULAPAM DEL PROGRESO,Oaxaca,OAX,Villa de Tamazulápam del Progreso,Villa de Tamazulápam del Progreso,957,SURESTE,PERFIL_16,0.03,N/A,N/A,N/A,,1200,131,650,0.03,690
COA_021_15,NADADORES,Coahuila,COA,Nadadores,Nadadores,980,NORTE,PERFIL_14,0.03,0,N/A,N/A,,1200|650,110,650,0.03,692
SLP_013_01,CIUDAD VALLES,San Luis Potosí,SLP,Ciudad Valles,Ciudad Valles,985,MICHOACÁN,PERFIL_05,0.05,0.04,N/A,N/A,,1200|650,131,650,0.03,694
GRO_023_36,CUAJINICUILAPAN,Guerrero,GRO,Cuajinicuilapa,Cuajinicuilapa,991,MICHOACÁN,PERFIL_10,0.04,0.02,N/A,N/A,,1200|650,120,650,0.03,695
COA_028_07,SABINAS,Coahuila,COA,Sabinas,Sabinas,1047,NORTE,PERFIL_17,0.04,0,N/A,N/A,,1200|650,110,650,0.03,701
SIN_011_04,GUASAVE,Sinaloa,SIN,Guasave,Guasave,1055,NORESTE,PERFIL_13,0.03,0.02,N/A,N/A,,1200|650,90,650,0.03,702
SIN_002_15,ANGOSTURA,Sinaloa,SIN,Angostura,Angostura,1105,NORESTE,PERFIL_13,0.03,0.02,N/A,N/A,,1200|650,90,650,0.03,706
SIN_006_06,GUAMUCHIL,Sinaloa,SIN,Guamuchil,Guamúchil,1110,NORESTE,PERFIL_13,0.03,0.02,N/A,N/A,,1200|650,90,650,0.03,707
SIN_001_09,AHOME,Sinaloa,SIN,Ahome,Ahome,1149,NORESTE,PERFIL_13,0.03,0.02,N/A,N/A,,1200|650,90,650,0.03,711
VER_044_07,CORDOBA,Veracruz,VER,Córdoba,Córdoba,675,SURESTE,PERFIL_09,0.02,0,N/A,N/A,,1200|650,110,650,0.02,716
GRO_067_31,TLAPEHUALA,Guerrero,GRO,Tlapehuala,Tlapehuala,679,MICHOACÁN,PERFIL_10,0.04,0.02,N/A,N/A,,1200|650,120,650,0.02,718
VER_033_58,CAZONES DE HERRERA,Veracruz,VER,Cazones de Herrera,Cazones de Herrera,686,SURESTE,PERFIL_09,0.02,0,N/A,N/A,,1200|650,110,650,0.02,723
VER_038_04,COATEPEC,Veracruz,VER,Coatepec,Coatepec,687,SURESTE,PERFIL_09,0.02,0,N/A,N/A,,1200|650,110,650,0.02,724
COA_009_13,FRANCISCO I. MADERO,Coahuila,COA,Francisco I. Madero,Francisco I. Madero (Chávez),691,NORTE,PERFIL_13,0.03,0.02,N/A,N/A,,1200|650,110,650,0.02,727
VER_026_36,BANDERILLA,Veracruz,VER,Banderilla,Banderilla,693,SURESTE,PERFIL_15,0.02,N/A,N/A,N/A,,1200,110,650,0.02,729
VER_021_56,ATOYAC,Veracruz,VER,Atoyac,Atoyac,695,SURESTE,PERFIL_15,0.02,N/A,N/A,N/A,,1200,110,650,0.02,733
VER_175_55,TIHUATLAN,Veracruz,VER,Tihuatlán,Tihuatlán,695,SURESTE,PERFIL_15,0.02,N/A,N/A,N/A,,1200,110,650,0.02,736
SIN_012_05,MAZATLAN,Sinaloa,SIN,Mazatlán,Mazatlán,696,NORESTE,PERFIL_13,0.03,0.02,N/A,N/A,,1200|650,90,650,0.02,738
VER_085_29,IXTACZOQUITLAN,Veracruz,VER,Ixtaczoquitlán,Ixtaczoquitlán,700,SURESTE,PERFIL_15,0.02,N/A,N/A,N/A,,1200,110,650,0.02,743
VER_053_32,CUITLAHUAC,Veracruz,VER,Cuitláhuac,Cuitláhuac,701,SURESTE,PERFIL_15,0.02,N/A,N/A,N/A,,1200,110,650,0.02,744
GRO_007_05,ARCELIA,Guerrero,GRO,Arcelia,Arcelia,703,MICHOACÁN,PERFIL_10,0.04,0.02,N/A,N/A,,1200|650,120,650,0.02,745
VER_125_68,PASO DEL MACHO,Veracruz,VER,Paso del Macho,Paso del Macho,705,SURESTE,PERFIL_15,0.02,N/A,N/A,N/A,,1200,110,650,0.02,749
VER_118_12,ORIZABA,Veracruz,VER,Orizaba,Orizaba,706,SURESTE,PERFIL_15,0.02,N/A,N/A,N/A,,1200,110,650,0.02,750
VER_138_30,RIO BLANCO,Veracruz,VER,Río Blanco,Río Blanco,707,SURESTE,PERFIL_15,0.02,N/A,N/A,N/A,,1200,110,650,0.02,751
VER_115_46,NOGALES,Veracruz,VER,Nogales,Nogales,710,SURESTE,PERFIL_15,0.02,N/A,N/A,N/A,,1200,110,650,0.02,754
NLE_039_07,MONTERREY,Nuevo León,NLE,Monterrey,Monterrey,714,NORTE,PERFIL_08,0.04,0.03,N/A,N/A,,1200|650,110,650,0.02,757
DUR_032_04,SANTIAGO PAPASQUIARO,Durango,DUR,Santiago Papasquiaro,Santiago Papasquiaro,714,NORESTE,PERFIL_07,0.05,0.02,N/A,N/A,,1200|650,90,650,0.02,760
NLE_026_04,GUADALUPE,Nuevo León,NLE,Guadalupe,Guadalupe,734,NORTE,PERFIL_08,0.04,0.03,N/A,N/A,,1200|650,110,650,0.02,771
NLE_046_09,SAN NICOLAS DE LOS GARZA,Nuevo León,NLE,San Nicolás de los Garza,San Nicolás de los Garza,734,NORTE,PERFIL_08,0.04,0.03,N/A,N/A,,1200|650,110,650,0.02,772
NLE_019_02,SAN PEDRO GARZA GARCIA,Nuevo León,NLE,San Pedro Garza García,San Pedro Garza García,734,NORTE,PERFIL_08,0.04,0.03,N/A,N/A,,1200|650,110,650,0.02,774
VER_173_62,TEZONAPA,Veracruz,VER,Tezonapa,Tezonapa,735,SURESTE,PERFIL_15,0.02,N/A,N/A,N/A,,1200,110,650,0.02,780
VER_211_51,SAN RAFAEL,Veracruz,VER,San Rafael,San rafael,751,SURESTE,PERFIL_15,0.02,N/A,N/A,N/A,,1200,110,650,0.02,793
VER_034_61,CERRO AZUL,Veracruz,VER,Cerro Azul,Cerro Azul,755,SURESTE,PERFIL_15,0.02,N/A,N/A,N/A,,1200,110,650,0.02,795
VER_174_18,TIERRA BLANCA,Veracruz,VER,Tierra Blanca,Tierra Blanca,768,SURESTE,PERFIL_15,0.02,N/A,N/A,N/A,,1200,110,650,0.02,798
GRO_058_24,TELOLOAPAN,Guerrero,GRO,Teloloapan,Teloloapan,772,MICHOACÁN,PERFIL_10,0.04,0.02,N/A,N/A,,1200|650,120,650,0.02,800
SLP_037_18,TAMAZUNCHALE,San Luis Potosí,SLP,Tamazunchale,Tamazunchale,774,MICHOACÁN,PERFIL_05,0.05,0.04,N/A,N/A,,1200|650,110,650,0.02,801
GRO_066_34,TLAPA DE COMONFORT,Guerrero,GRO,Tlapa de Comonfort,Tlapa de Comonfort,787,MICHOACÁN,PERFIL_17,0.04,0,N/A,N/A,,1200|650,120,650,0.02,804
VER_193_17,VERACRUZ,Veracruz,VER,Veracruz,Veracruz,788,SURESTE,PERFIL_15,0.02,N/A,N/A,N/A,,1200,110,650,0.02,805
VER_028_03,BOCA DEL RIO,Veracruz,VER,Boca del RÍo,Boca del RÍo,808,SURESTE,PERFIL_15,0.02,N/A,N/A,N/A,,1200,131,650,0.02,808
VER_010_39,ALTOTONGA,Veracruz,VER,Altotonga,Altotonga,809,SURESTE,PERFIL_15,0.02,N/A,N/A,N/A,,1200,131,650,0.02,810
VER_207_08,TRES VALLES,Veracruz,VER,Tres Valles,Tres Valles,811,SURESTE,PERFIL_15,0.02,N/A,N/A,N/A,,1200,131,650,0.02,811
VER_155_24,TANTOYUCA,Veracruz,VER,Tantoyuca,Tantoyuca,821,SURESTE,PERFIL_15,0.02,N/A,N/A,N/A,,1200,131,650,0.02,820
VER_205_67,EL HIGO,Veracruz,VER,El Higo,El Higo,825,SURESTE,PERFIL_15,0.02,N/A,N/A,N/A,,1200,131,650,0.02,822
VER_126_44,PASO DE OVEJAS,Veracruz,VER,Paso de Ovejas,Paso de Ovejas,835,SURESTE,PERFIL_15,0.02,N/A,N/A,N/A,,1200,131,650,0.02,826
GRO_021_16,COYUCA DE BENITEZ,Guerrero,GRO,Coyuca de Benítez,Coyuca de Benítez,836,MICHOACÁN,PERFIL_17,0.04,0,N/A,N/A,,1200|650,120,650,0.02,827
GRO_053_29,SAN MARCOS,Guerrero,GRO,San Marcos,San Marcos,838,MICHOACÁN,PERFIL_17,0.04,0,N/A,N/A,,1200|650,120,650,0.02,829
OAX_390_58,SANTA LUCIA DEL CAMINO,Oaxaca,OAX,Santa Lucía del Camino,Santa Lucía del Camino,843,SURESTE,PERFIL_16,0.03,N/A,N/A,N/A,,1200,131,650,0.02,832
OAX_107_59,SAN ANTONIO DE LA CAL,Oaxaca,OAX,San Antonio de la Cal,San Antonio de la Cal,848,SURESTE,PERFIL_16,0.03,N/A,N/A,N/A,,1200,131,650,0.02,840
OAX_067_02,OAXACA DE JUAREZ,Oaxaca,OAX,Oaxaca de Juárez,Oaxaca de Juárez,856,SURESTE,PERFIL_16,0.03,N/A,N/A,N/A,,1200,131,650,0.02,845
VER_011_34,ALVARADO,Veracruz,VER,Alvarado,Alvarado,866,SURESTE,PERFIL_15,0.02,N/A,N/A,N/A,,1200,131,650,0.02,850
GRO_015_12,BUENAVISTA DE CUELLAR,Guerrero,GRO,Buenavista de Cuéllar,Buenavista de Cuellar,866,MICHOACÁN,PERFIL_17,0.04,0,N/A,N/A,,1200|650,120,650,0.02,851
OAX_483_11,SANTIAGO SUCHILQUITONGO,Oaxaca,OAX,Santiago Suchilquitongo,Santiago Suchilquitongo,869,SURESTE,PERFIL_16,0.03,N/A,N/A,N/A,,1200,131,650,0.02,854
CHH_032_05,HIDALGO DEL PARRAL,Chihuahua,CHH,Hidalgo del Parral,Hidalgo del Parral,873,NORESTE,PERFIL_09,0.02,0,N/A,N/A,,1200|650,131,650,0.02,855
OAX_150_41,SAN FRANCISCO TELIXTLAHUACA,Oaxaca,OAX,San Francisco Telixtlahuaca,San Francisco Telixtlahuaca,878,SURESTE,PERFIL_16,0.03,N/A,N/A,N/A,,1200,131,650,0.02,861
VER_148_60,SOLEDAD DE DOBLADO,Veracruz,VER,Soledad de Doblado,Soledad de Doblado,879,SURESTE,PERFIL_15,0.02,N/A,N/A,N/A,,1200,131,650,0.02,862
OAX_068_23,OCOTLAN DE MORELOS,Oaxaca,OAX,Ocotlán de Morelos,Ocotlán de Morelos,883,SURESTE,PERFIL_16,0.03,N/A,N/A,N/A,,1200,131,650,0.02,864
GRO_011_07,ATOYAC DE ALVAREZ,Guerrero,GRO,Atoyac de Álvarez,Atoyac de Álvarez,885,MICHOACÁN,PERFIL_17,0.04,0,N/A,N/A,,1200|650,120,650,0.02,866
OAX_551_16,TLACOLULA DE MATAMOROS,Oaxaca,OAX,Tlacolula de Matamoros,Tlacolula de Matamoros,888,SURESTE,PERFIL_16,0.03,N/A,N/A,N/A,,1200,131,650,0.02,869
VER_123_21,PANUCO,Veracruz,VER,Pánuco,Pánuco,890,SURESTE,PERFIL_15,0.02,N/A,N/A,N/A,,1200,131,650,0.02,870
GRO_018_40,COPALA,Guerrero,GRO,Copala,Copala,897,MICHOACÁN,PERFIL_17,0.04,0,N/A,N/A,,1200|650,120,650,0.02,871
VER_097_54,LERDO DE TEJADA,Veracruz,VER,Lerdo de Tejada,Lerdo de Tejada,898,SURESTE,PERFIL_15,0.02,N/A,N/A,N/A,,1200,131,650,0.02,872
GRO_057_25,TECPAN DE GALEANA,Guerrero,GRO,Técpan de Galeana,Técpan de Galeana,906,MICHOACÁN,PERFIL_17,0.04,0,N/A,N/A,,1200|650,120,650,0.02,873
OAX_006_52,ASUNCION NOCHIXTLAN,Oaxaca,OAX,Asunción Nochixtlán,Asunción Nochixtlán,913,SURESTE,PERFIL_16,0.03,N/A,N/A,N/A,,1200,131,650,0.02,876
GRO_077_18,MARQUELIA,Guerrero,GRO,Marquelia,Marquelia,915,MICHOACÁN,PERFIL_17,0.04,0,N/A,N/A,,1200|650,120,650,0.02,878
OAX_059_25,MIAHUATLAN DE PORFIRIO DIAZ,Oaxaca,OAX,Miahuatlán de Porfirio Díaz,Miahuatlán de Porfirio Díaz,953,SURESTE,PERFIL_16,0.03,N/A,N/A,N/A,,1200,131,650,0.02,886
VER_108_11,MINATITLAN,Veracruz,VER,Minatitlán,Minatitlán,957,SURESTE,PERFIL_15,0.02,N/A,N/A,N/A,,1200,131,650,0.02,887
VER_208_20,CARLOS A. CARRILLO,Veracruz,VER,Carlos A. Carrillo,Carlos A. Carrillo,958,SURESTE,PERFIL_15,0.02,N/A,N/A,N/A,,1200,131,650,0.02,888
TAM_027_06,NUEVO LAREDO,Tamaulipas,TAM,Nuevo Laredo,Nuevo Laredo,969,SURESTE,PERFIL_15,0.02,N/A,N/A,N/A,,1200,131,650,0.02,891
VER_039_06,COATZACOALCOS,Veracruz,VER,Coatzacoalcos,Coatzacoalcos,977,SURESTE,PERFIL_15,0.02,N/A,N/A,N/A,,1200,131,650,0.02,892
VER_003_01,ACAYUCAN,Veracruz,VER,Acayucan,Acayucan,1002,SURESTE,PERFIL_18,0,N/A,N/A,N/A,,1200,131,650,0.02,899
VER_048_53,COSOLEACAQUE,Veracruz,VER,Cosoleacaque,Cosoleacaque,1016,SURESTE,PERFIL_18,0,N/A,N/A,N/A,,1200,131,650,0.02,901
VER_204_05,AGUA DULCE,Veracruz,VER,Agua dulce,Agua dulce,1027,SURESTE,PERFIL_18,0,N/A,N/A,N/A,,1200,131,650,0.02,904
CHH_062_15,SAUCILLO,Chihuahua,CHH,Saucillo,Saucillo,1032,NORESTE,PERFIL_09,0.02,0,N/A,N/A,,1200|650,131,650,0.02,909
VER_061_47,LAS CHOAPAS,Veracruz,VER,Las Choapas,Las Choapas,1037,SURESTE,PERFIL_18,0,N/A,N/A,N/A,,1200,131,650,0.02,910
GRO_048_21,PETATLAN,Guerrero,GRO,Petatlán,Petatlán,1066,MICHOACÁN,PERFIL_17,0.04,0,N/A,N/A,,1200|650,120,650,0.02,916
VER_077_31,ISLA,Veracruz,VER,Isla,Isla,1111,SURESTE,PERFIL_18,0,N/A,N/A,N/A,,1200,131,650,0.02,924
BCS_003_02,LA PAZ,Baja California Sur,BCS,La Paz,La Paz,1116,LAS BAJAS,PERFIL_18,0,N/A,N/A,N/A,,1200,131,650,0.02,926
SIN_[NULL]_01,LOS MOCHIS,Sinaloa,SIN,LOS MOCHIS,Los Mochis,1116,NORESTE,PERFIL_14,0.03,0,N/A,N/A,,1200|650,90,650,0.02,927
CHH_019_02,CHIHUAHUA,Chihuahua,CHH,Chihuahua,Chihuahua,1125,NORESTE,PERFIL_09,0.02,0,N/A,N/A,,1200|650,131,650,0.02,928
VER_032_45,CATEMACO,Veracruz,VER,Catemaco,Catemaco,1127,SURESTE,PERFIL_18,0,N/A,N/A,N/A,,1200,131,650,0.02,934
VER_141_15,SAN ANDRES TUXTLA,Veracruz,VER,San Andrés Tuxtla,San Andrés Tuxtla,1138,SURESTE,PERFIL_18,0,N/A,N/A,N/A,,1200,131,650,0.02,936
OAX_079_03,SALINA CRUZ,Oaxaca,OAX,Salina Cruz,Salina Cruz,1154,SURESTE,PERFIL_16,0.03,N/A,N/A,N/A,,1200,131,0,0.02,938
VER_143_42,SANTIAGO TUXTLA,Veracruz,VER,Santiago Tuxtla,Santiago Tuxtla,1158,SURESTE,PERFIL_18,0,N/A,N/A,N/A,,1200,131,0,0.02,939
OAX_044_07,LOMA BONITA,Oaxaca,OAX,Loma Bonita,Loma Bonita,1163,SURESTE,PERFIL_16,0.03,N/A,N/A,N/A,,1200,131,0,0.02,940
COA_025_06,PIEDRAS NEGRAS,Coahuila,COA,Piedras Negras,Piedras Negras,1167,NORTE,PERFIL_16,0.03,N/A,N/A,N/A,,1200,110,0,0.02,941
CHH_002_11,JUAN ALDAMA,Chihuahua,CHH,Juan Aldama,Juan Aldama,1169,NORESTE,PERFIL_09,0.02,0,N/A,N/A,,1200|650,131,0,0.02,942
TAM_035_09,SAN FERNANDO,Tamaulipas,TAM,San Fernando,San Fernando,1171,SURESTE,PERFIL_15,0.02,N/A,N/A,N/A,,1200,131,0,0.02,944
COA_022_17,NAVA,Coahuila,COA,Nava,Nava,1208,NORTE,PERFIL_18,0,N/A,N/A,N/A,,1200,170,0,0.02,954
OAX_014_49,CIUDAD IXTEPEC,Oaxaca,OAX,Ciudad Ixtepec,Ciudad Ixtepec,1212,SURESTE,PERFIL_16,0.03,N/A,N/A,N/A,,1200,170,0,0.02,956
CHP_101_04,TUXTLA GUTIERREZ,Chiapas,CHP,Tuxtla Gutiérrez,Tuxtla Gutiérrez,1219,SURESTE,PERFIL_15,0.02,N/A,N/A,N/A,,1200,170,0,0.02,957
CHP_052_08,LAS MARGARITAS,Chiapas,CHP,Las Margaritas,Las Margaritas,1219,SURESTE,PERFIL_15,0.02,N/A,N/A,N/A,,1200,170,0,0.02,958
CHP_027_15,CHIAPA DE CORZO,Chiapas,CHP,Chiapa de Corzo,Chiapa de Corzo,1244,SURESTE,PERFIL_15,0.02,N/A,N/A,N/A,,1200,170,0,0.02,963
TAB_016_09,TEAPA,Tabasco,TAB,Teapa,Teapa,1278,SURESTE,PERFIL_18,0,N/A,N/A,N/A,,1200,170,0,0.02,972
TAB_002_01,CARDENAS,Tabasco,TAB,Cárdenas,Cárdenas,1281,SURESTE,PERFIL_18,0,N/A,N/A,N/A,,1200,170,0,0.02,973
TAB_006_12,CUNDUACAN,Tabasco,TAB,Cunduacán,Cunduacán,1281,SURESTE,PERFIL_18,0,N/A,N/A,N/A,,1200,170,0,0.02,974
TAB_012_07,MACUSPANA,Tabasco,TAB,Macuspana,Macuspana,1295,SURESTE,PERFIL_18,0,N/A,N/A,N/A,,1200,170,0,0.02,975
TAB_008_13,HUIMANGUILLO,Tabasco,TAB,Huimanguillo,Huimanguillo,1301,SURESTE,PERFIL_18,0,N/A,N/A,N/A,,1200,170,0,0.02,977
CHP_078_02,SAN CRISTOBAL DE LAS CASAS,Chiapas,CHP,San Cristóbal de las Casas,San Cristóbal de las Casas,1309,SURESTE,PERFIL_15,0.02,N/A,N/A,N/A,,1200,170,0,0.02,979
TAB_005_03,COMALCALCO,Tabasco,TAB,Comalcalco,Comalcalco,1315,SURESTE,PERFIL_18,0,N/A,N/A,N/A,,1200,170,0,0.02,985
OAX_413_20,SANTA MARIA HUATULCO,Oaxaca,OAX,Santa María Huatulco,Santa María Huatulco,1320,SURESTE,PERFIL_16,0.03,N/A,N/A,N/A,,1200,170,0,0.02,988
CHP_074_22,REFORMA,Chiapas,CHP,Reforma,Reforma,1335,SURESTE,PERFIL_18,0,N/A,N/A,N/A,,1200,170,0,0.02,991
SON_[NULL]_04,CIUDAD OBREGON,Sonora,SON,Ciudad Obregón,Ciudad Obregón,1338,NORESTE,PERFIL_18,0,N/A,N/A,N/A,,1200,170,0,0.02,993
CHP_108_07,VILLAFLORES,Chiapas,CHP,Villaflores,Villaflores,1339,SURESTE,PERFIL_18,0,N/A,N/A,N/A,,1200,170,0,0.02,994
TAB_007_04,EMILIANO ZAPATA,Tabasco,TAB,Emiliano Zapata,Emiliano Zapata,1368,SURESTE,PERFIL_18,0,N/A,N/A,N/A,,1200,170,0,0.02,1000
CHP_009_09,ARRIAGA,Chiapas,CHP,Arriaga,Arriaga,1379,SURESTE,PERFIL_18,0,N/A,N/A,N/A,,1200,170,0,0.02,1002
CHP_065_10,PALENQUE,Chiapas,CHP,Palenque,Palenque,1383,SURESTE,PERFIL_18,0,N/A,N/A,N/A,,1200,170,0,0.02,1005
CHP_019_01,COMITAN DE DOMINGUEZ,Chiapas,CHP,Comitán de Domínguez,Comitán de Domínguez,1384,SURESTE,PERFIL_18,0,N/A,N/A,N/A,,1200,170,0,0.02,1008
CHP_059_11,OCOSINGO,Chiapas,CHP,Ocosingo,Ocosingo,1389,SURESTE,PERFIL_18,0,N/A,N/A,N/A,,1200,170,0,0.02,1012
CHP_069_21,PIJIJIAPAN,Chiapas,CHP,Pijijiapan,Pijijiapan,1395,SURESTE,PERFIL_18,0,N/A,N/A,N/A,,1200,170,0,0.02,1014
CHP_097_12,TONALA,Chiapas,CHP,Tonalá,Tonalá,1399,SURESTE,PERFIL_18,0,N/A,N/A,N/A,,1200,170,0,0.02,1015
CHH_050_07,NUEVO CASAS GRANDES,Chihuahua,CHH,Nuevo Casas Grandes,Nuevo Casas Grandes,1404,NORESTE,PERFIL_18,0,N/A,N/A,N/A,,1200,170,0,0.02,1016
OAX_482_43,SANTIAGO PINOTEPA NACIONAL,Oaxaca,OAX,Santiago Pinotepa Nacional,Santiago Pinotepa Nacional,1409,SURESTE,PERFIL_16,0.03,N/A,N/A,N/A,,1200,170,0,0.02,1018
SON_042_09,NAVOJOA,Sonora,SON,Navojoa,Navojoa,1412,NORESTE,PERFIL_18,0,N/A,N/A,N/A,,1200,170,0,0.02,1019
SON_033_08,HUATABAMPO,Sonora,SON,Huatabampo,Huatabampo,1449,NORESTE,PERFIL_18,0,N/A,N/A,N/A,,1200,170,0,0,1023
BCS_009_05,LORETO,Baja California Sur,BCS,Loreto,Loreto,1472,LAS BAJAS,PERFIL_18,0,N/A,N/A,N/A,,1200,170,0,0,1027
SON_025_05,EMPALME,Sonora,SON,Empalme,Empalme,1499,NORESTE,PERFIL_18,0,N/A,N/A,N/A,,1200,170,0,0,1031
SON_030_07,HERMOSILLO,Sonora,SON,Hermosillo,Hermosillo,1584,NORESTE,PERFIL_18,0,N/A,N/A,N/A,,1200,170,0,0,1038
YUC_050_01,MERIDA,Yucatán,YUC,Mérida,Mérida,1689,SURESTE,PERFIL_18,0,N/A,N/A,N/A,,1200,170,0,0,1041
YUC_041_06,KANASIN,Yucatán,YUC,Kanasín,Kanasín,1709,SURESTE,PERFIL_18,0,N/A,N/A,N/A,,1200,170,0,0,1044
YUC_089_03,TICUL,Yucatán,YUC,Ticul,Ticul,1777,SURESTE,PERFIL_18,0,N/A,N/A,N/A,,1200,170,0,0,1053
YUC_102_05,VALLADOLID,Yucatán,YUC,Valladolid,Valladolid,1850,SURESTE,PERFIL_18,0,N/A,N/A,N/A,,1200,190,0,0,1056
CHP_040_23,HUIXTLA,Chiapas,CHP,Huixtla,Huixtla,1976,SURESTE,PERFIL_18,0,N/A,N/A,N/A,,1200,190,0,0,1071
ROO_002_03,FELIPE CARRILLO PTO,Quintana Roo,ROO,Felipe Carrillo Puerto,Felipe Carrillo Puerto,1996,SURESTE,PERFIL_18,0,N/A,N/A,N/A,,1200,190,0,0,1072
CAM_001_03,CALKINI,Campeche,CAM,Calkiní,Calkini,2010,SURESTE,PERFIL_18,0,N/A,N/A,N/A,,1200,190,0,0,1076
ROO_003_07,ISLA MUJERES,Quintana Roo,ROO,Isla Mujeres,Isla Mujeres,2016,SURESTE,PERFIL_18,0,N/A,N/A,N/A,,1200,190,0,0,1077
SON_048_11,PUERTO PEÑASCO,Sonora,SON,Puerto Peñasco,Puerto Peñasco,2042,NORESTE,PERFIL_18,0,N/A,N/A,N/A,,1200,190,0,0,1078
ROO_001_02,COZUMEL,Quintana Roo,ROO,Cozumel,Cozumel,2080,SURESTE,PERFIL_18,0,N/A,N/A,N/A,,1200,190,0,0,1083
SON_002_02,AGUA PRIETA,Sonora,SON,Agua Prieta,Agua Prieta,2090,NORESTE,PERFIL_18,0,N/A,N/A,N/A,,1200,190,0,0,1084
BCN_002_02,MEXICALI,Baja California,BCN,Mexicali,Mexicali,2276,LAS BAJAS,PERFIL_18,0,N/A,N/A,N/A,,1200,190,0,0,1091
SON_055_01,SAN LUIS RIO COLORADO,Sonora,SON,San Luis Río Colorado,San Luis Río Colorado,2337,NORESTE,PERFIL_18,0,N/A,N/A,N/A,,1200,190,0,0,1092
BCN_004_04,TIJUANA,Baja California,BCN,Tijuana,Tijuana,2486,LAS BAJAS,PERFIL_18,0,N/A,N/A,N/A,,1200,190,0,0,1095
BCN_005_05,PLAYAS DE ROSARITO,Baja California,BCN,Playas de Rosarito,Playas de Rosarito,2526,LAS BAJAS,PERFIL_18,0,N/A,N/A,N/A,,1200,190,0,0,1097
BCN_001_01,ENSENADA,Baja California,BCN,Ensenada,Ensenada,2533,LAS BAJAS,PERFIL_18,0,N/A,N/A,N/A,,1200,190,0,0,1100
BCN_003_03,TECATE,Baja California,BCN,Tecate,Tecate,2535,LAS BAJAS,PERFIL_18,0,N/A,N/A,N/A,,1200,190,0,0,1101
