SKU,Producto,Fecha,Cantidad,Origen,Usage Origen,Destino,Usage Destino,Clasificacion,Afecto Almacen (WH),Saldo Almacen Acumulado,Referencia,Lote
R7DE6AVD,[R7DE6AVD] 245/75 R16 N10S FEDERAL XPLORA AT,2025-10-16 22:35:44,60.0,Ubicaciones de Socios/Proveedor,supplier,Ubicaciones Virtuales/TRANSITO INTERNACIONAL,transit,IN_TRANSITO,NO,0.0,ZTYRES/RECEPCION/COMPRAS/INTERNACIONALES/TRANSITO/00469,
R7DE6AVD,[R7DE6AVD] 245/75 R16 N10S FEDERAL XPLORA AT,2025-10-20 19:34:38,29.0,Ubicaciones de Socios/Proveedor,supplier,Ubicaciones Virtuales/TRANSITO INTERNACIONAL,transit,IN_TRANSITO,NO,0.0,ZTYRES/RECEPCION/COMPRAS/INTERNACIONALES/TRANSITO/00481,
R7DE6AVD,[R7DE6AVD] 245/75 R16 N10S FEDERAL XPLORA AT,2025-11-11 23:41:39,32.0,Ubicaciones Virtuales/TRANSITO INTERNACIONAL,transit,WH/stock/89-C-3,internal,TRANSITO_A_ALMACEN,SI,32.0,ZTYRES/RECEPCION/COMPRAS/INTERNACIONALES/ALMACEN/01642,2025
R7DE6AVD,[R7DE6AVD] 245/75 R16 N10S FEDERAL XPLORA AT,2025-11-11 23:44:58,28.0,Ubicaciones Virtuales/TRANSITO INTERNACIONAL,transit,WH/stock/89-C-2,internal,TRANSITO_A_ALMACEN,SI,60.0,ZTYRES/RECEPCION/COMPRAS/INTERNACIONALES/ALMACEN/01726,2025
R7DE6AVD,[R7DE6AVD] 245/75 R16 N10S FEDERAL XPLORA AT,2025-11-19 20:12:18,64.0,Ubicaciones de Socios/Proveedor,supplier,Ubicaciones Virtuales/TRANSITO INTERNACIONAL,transit,IN_TRANSITO,NO,60.0,ZTYRES/RECEPCION/COMPRAS/INTERNACIONALES/TRANSITO/00480,
R7DE6AVD,[R7DE6AVD] 245/75 R16 N10S FEDERAL XPLORA AT,2025-11-19 20:38:00,64.0,Ubicaciones Virtuales/TRANSITO INTERNACIONAL,transit,Ubicaciones de Socios/Proveedor,supplier,CANCELACION_TRANSITO_A_PROVEEDOR,NO,60.0,ZTYRES/RECEPCION/COMPRAS/INTERNACIONALES/TRANSITO/00506,
R7DE6AVD,[R7DE6AVD] 245/75 R16 N10S FEDERAL XPLORA AT,2025-11-25 00:34:57,29.0,Ubicaciones Virtuales/TRANSITO INTERNACIONAL,transit,WH/stock/57-B-2,internal,TRANSITO_A_ALMACEN,SI,89.0,ZTYRES/RECEPCION/COMPRAS/INTERNACIONALES/ALMACEN/01677,2025
R7DE6AVD,[R7DE6AVD] 245/75 R16 N10S FEDERAL XPLORA AT,2025-11-25 18:02:19,64.0,Ubicaciones de Socios/Proveedor,supplier,Ubicaciones Virtuales/TRANSITO INTERNACIONAL,transit,IN_TRANSITO,NO,89.0,ZTYRES/RECEPCION/COMPRAS/INTERNACIONALES/TRANSITO/00505,
R7DE6AVD,[R7DE6AVD] 245/75 R16 N10S FEDERAL XPLORA AT,2025-12-01 18:34:04,4.0,WH/stock/57-B-2,internal,Ubicaciones de Socios/Customers,customer,VENTA,SI,85.0,ZTYRES/ENTREGA/CLIENTE/129974,2025
R7DE6AVD,[R7DE6AVD] 245/75 R16 N10S FEDERAL XPLORA AT,2025-12-09 22:53:46,4.0,WH/stock/57-B-2,internal,Ubicaciones de Socios/Customers,customer,VENTA,SI,81.0,ZTYRES/ENTREGA/CLIENTE/131040,2025
R7DE6AVD,[R7DE6AVD] 245/75 R16 N10S FEDERAL XPLORA AT,2025-12-18 16:45:32,176.0,Ubicaciones de Socios/Proveedor,supplier,Ubicaciones Virtuales/TRANSITO INTERNACIONAL,transit,IN_TRANSITO,NO,81.0,ZTYRES/RECEPCION/COMPRAS/INTERNACIONALES/TRANSITO/00519,
R7DE6AVD,[R7DE6AVD] 245/75 R16 N10S FEDERAL XPLORA AT,2025-12-19 16:54:26,3.0,WH/stock/89-C-3,internal,Ubicaciones de Socios/Customers,customer,VENTA,SI,78.0,ZTYRES/ENTREGA/CLIENTE/132787,2025
R7DE6AVD,[R7DE6AVD] 245/75 R16 N10S FEDERAL XPLORA AT,2025-12-19 16:54:26,21.0,WH/stock/57-B-2,internal,Ubicaciones de Socios/Customers,customer,VENTA,SI,57.0,ZTYRES/ENTREGA/CLIENTE/132787,2025
R7DE6AVD,[R7DE6AVD] 245/75 R16 N10S FEDERAL XPLORA AT,2026-01-07 17:06:04,155.0,Ubicaciones Virtuales/TRANSITO INTERNACIONAL,transit,WH/stock,internal,TRANSITO_A_ALMACEN,SI,212.0,ZTYRES/RECEPCION/COMPRAS/INTERNACIONALES/ALMACEN/01676,2025
R7DE6AVD,[R7DE6AVD] 245/75 R16 N10S FEDERAL XPLORA AT,2026-01-27 18:44:41,20.0,WH/stock/89-C-3,internal,Ubicaciones de Socios/Customers,customer,VENTA,SI,192.0,ZTYRES/ENTREGA/CLIENTE/137809,2025
R7DE6AVD,[R7DE6AVD] 245/75 R16 N10S FEDERAL XPLORA AT,2026-01-29 16:15:53,91.0,Ubicaciones de Socios/Proveedor,supplier,Ubicaciones Virtuales/TRANSITO INTERNACIONAL,transit,IN_TRANSITO,NO,192.0,ZTYRES/RECEPCION/COMPRAS/INTERNACIONALES/TRANSITO/00593,
R7DE6AVD,[R7DE6AVD] 245/75 R16 N10S FEDERAL XPLORA AT,2026-01-29 16:39:35,85.0,Ubicaciones Virtuales/TRANSITO INTERNACIONAL,transit,WH/stock,internal,TRANSITO_A_ALMACEN,SI,277.0,ZTYRES/RECEPCION/COMPRAS/INTERNACIONALES/ALMACEN/01813,2025
R7DE6AVD,[R7DE6AVD] 245/75 R16 N10S FEDERAL XPLORA AT,2026-01-29 16:39:35,90.0,Ubicaciones Virtuales/TRANSITO INTERNACIONAL,transit,WH/stock,internal,TRANSITO_A_ALMACEN,SI,367.0,ZTYRES/RECEPCION/COMPRAS/INTERNACIONALES/ALMACEN/01813,2025
R7DE6AVD,[R7DE6AVD] 245/75 R16 N10S FEDERAL XPLORA AT,2026-01-29 17:15:28,21.0,WH/stock,internal,WH/stock/65-C-9,internal,TRANSFERENCIA_INTERNA,NO,367.0,ZTYRES/TRASFERENCIA/INTERNA/04802,2025
R7DE6AVD,[R7DE6AVD] 245/75 R16 N10S FEDERAL XPLORA AT,2026-01-29 17:15:28,32.0,WH/stock,internal,WH/stock/64-C-8,internal,TRANSFERENCIA_INTERNA,NO,367.0,ZTYRES/TRASFERENCIA/INTERNA/04802,2025
R7DE6AVD,[R7DE6AVD] 245/75 R16 N10S FEDERAL XPLORA AT,2026-01-29 17:15:28,32.0,WH/stock,internal,WH/stock/65-C-8,internal,TRANSFERENCIA_INTERNA,NO,367.0,ZTYRES/TRASFERENCIA/INTERNA/04802,2025
R7DE6AVD,[R7DE6AVD] 245/75 R16 N10S FEDERAL XPLORA AT,2026-01-29 17:15:28,30.0,WH/stock,internal,WH/stock/64-C-9,internal,TRANSFERENCIA_INTERNA,NO,367.0,ZTYRES/TRASFERENCIA/INTERNA/04802,2025
R7DE6AVD,[R7DE6AVD] 245/75 R16 N10S FEDERAL XPLORA AT,2026-01-29 17:15:28,32.0,WH/stock,internal,WH/stock/64-C-7,internal,TRANSFERENCIA_INTERNA,NO,367.0,ZTYRES/TRASFERENCIA/INTERNA/04802,2025
R7DE6AVD,[R7DE6AVD] 245/75 R16 N10S FEDERAL XPLORA AT,2026-01-29 17:15:28,4.0,WH/stock,internal,WH/stock/63-C-7,internal,TRANSFERENCIA_INTERNA,NO,367.0,ZTYRES/TRASFERENCIA/INTERNA/04802,2025
R7DE6AVD,[R7DE6AVD] 245/75 R16 N10S FEDERAL XPLORA AT,2026-01-29 17:15:28,24.0,WH/stock,internal,WH/stock/63-C-8,internal,TRANSFERENCIA_INTERNA,NO,367.0,ZTYRES/TRASFERENCIA/INTERNA/04802,2025
R7DE6AVD,[R7DE6AVD] 245/75 R16 N10S FEDERAL XPLORA AT,2026-02-03 23:46:21,4.0,WH/stock,internal,Ubicaciones de Socios/Customers,customer,VENTA,SI,363.0,ZTYRES/ENTREGA/CLIENTE/139026,2025
R7DE6AVD,[R7DE6AVD] 245/75 R16 N10S FEDERAL XPLORA AT,2026-02-26 16:26:38,4.0,WH/stock,internal,Ubicaciones de Socios/Customers,customer,VENTA,SI,359.0,ZTYRES/ENTREGA/CLIENTE/142329,2025
R7DE6AVD,[R7DE6AVD] 245/75 R16 N10S FEDERAL XPLORA AT,2026-03-26 16:31:56,4.0,WH/stock,internal,Ubicaciones de Socios/Customers,customer,VENTA,SI,355.0,ZTYRES/ENTREGA/CLIENTE/145136,2025
R7DE6AVD,[R7DE6AVD] 245/75 R16 N10S FEDERAL XPLORA AT,2026-03-26 17:20:47,30.0,WH/stock/64-C-9,internal,WH/stock,internal,TRANSFERENCIA_INTERNA,NO,355.0,ZTYRES/TRASFERENCIA/INTERNA/05165,2025
R7DE6AVD,[R7DE6AVD] 245/75 R16 N10S FEDERAL XPLORA AT,2026-03-26 17:20:47,32.0,WH/stock/64-C-8,internal,WH/stock,internal,TRANSFERENCIA_INTERNA,NO,355.0,ZTYRES/TRASFERENCIA/INTERNA/05165,2025
R7DE6AVD,[R7DE6AVD] 245/75 R16 N10S FEDERAL XPLORA AT,2026-03-26 17:20:47,24.0,WH/stock/63-C-8,internal,WH/stock,internal,TRANSFERENCIA_INTERNA,NO,355.0,ZTYRES/TRASFERENCIA/INTERNA/05165,2025
R7DE6AVD,[R7DE6AVD] 245/75 R16 N10S FEDERAL XPLORA AT,2026-03-26 17:20:47,21.0,WH/stock/65-C-9,internal,WH/stock,internal,TRANSFERENCIA_INTERNA,NO,355.0,ZTYRES/TRASFERENCIA/INTERNA/05165,2025
R7DE6AVD,[R7DE6AVD] 245/75 R16 N10S FEDERAL XPLORA AT,2026-03-26 17:20:47,4.0,WH/stock/63-C-7,internal,WH/stock,internal,TRANSFERENCIA_INTERNA,NO,355.0,ZTYRES/TRASFERENCIA/INTERNA/05165,2025
R7DE6AVD,[R7DE6AVD] 245/75 R16 N10S FEDERAL XPLORA AT,2026-03-26 17:20:47,52.0,WH/stock,internal,WH/stock,internal,TRANSFERENCIA_INTERNA,NO,355.0,ZTYRES/TRASFERENCIA/INTERNA/05165,2025
R7DE6AVD,[R7DE6AVD] 245/75 R16 N10S FEDERAL XPLORA AT,2026-03-26 17:20:47,9.0,WH/stock/89-C-3,internal,WH/stock,internal,TRANSFERENCIA_INTERNA,NO,355.0,ZTYRES/TRASFERENCIA/INTERNA/05165,2025
R7DE6AVD,[R7DE6AVD] 245/75 R16 N10S FEDERAL XPLORA AT,2026-03-26 17:20:47,91.0,WH/stock,internal,WH/stock/130-A-1,internal,TRANSFERENCIA_INTERNA,NO,355.0,ZTYRES/TRASFERENCIA/INTERNA/05165,2025
R7DE6AVD,[R7DE6AVD] 245/75 R16 N10S FEDERAL XPLORA AT,2026-03-26 17:20:47,32.0,WH/stock/64-C-7,internal,WH/stock,internal,TRANSFERENCIA_INTERNA,NO,355.0,ZTYRES/TRASFERENCIA/INTERNA/05165,2025
R7DE6AVD,[R7DE6AVD] 245/75 R16 N10S FEDERAL XPLORA AT,2026-03-26 17:20:47,28.0,WH/stock/89-C-2,internal,WH/stock,internal,TRANSFERENCIA_INTERNA,NO,355.0,ZTYRES/TRASFERENCIA/INTERNA/05165,2025
R7DE6AVD,[R7DE6AVD] 245/75 R16 N10S FEDERAL XPLORA AT,2026-03-26 17:20:47,32.0,WH/stock/65-C-8,internal,WH/stock,internal,TRANSFERENCIA_INTERNA,NO,355.0,ZTYRES/TRASFERENCIA/INTERNA/05165,2025
R7DE6AVD,[R7DE6AVD] 245/75 R16 N10S FEDERAL XPLORA AT,2026-03-26 17:23:47,24.0,WH/stock,internal,WH/stock/62-A-2,internal,TRANSFERENCIA_INTERNA,NO,355.0,ZTYRES/TRASFERENCIA/INTERNA/05166,2025
R7DE6AVD,[R7DE6AVD] 245/75 R16 N10S FEDERAL XPLORA AT,2026-03-26 17:23:47,32.0,WH/stock,internal,WH/stock/61-A-1,internal,TRANSFERENCIA_INTERNA,NO,355.0,ZTYRES/TRASFERENCIA/INTERNA/05166,2025
R7DE6AVD,[R7DE6AVD] 245/75 R16 N10S FEDERAL XPLORA AT,2026-03-26 17:23:47,17.0,WH/stock,internal,WH/stock/62-A-1,internal,TRANSFERENCIA_INTERNA,NO,355.0,ZTYRES/TRASFERENCIA/INTERNA/05166,2025
R7DE6AVD,[R7DE6AVD] 245/75 R16 N10S FEDERAL XPLORA AT,2026-03-26 17:23:47,32.0,WH/stock,internal,WH/stock/61-A-2,internal,TRANSFERENCIA_INTERNA,NO,355.0,ZTYRES/TRASFERENCIA/INTERNA/05166,2025
R7DE6AVD,[R7DE6AVD] 245/75 R16 N10S FEDERAL XPLORA AT,2026-03-26 17:23:47,32.0,WH/stock,internal,WH/stock/61-A-3,internal,TRANSFERENCIA_INTERNA,NO,355.0,ZTYRES/TRASFERENCIA/INTERNA/05166,2025
R7DE6AVD,[R7DE6AVD] 245/75 R16 N10S FEDERAL XPLORA AT,2026-03-26 17:23:47,24.0,WH/stock,internal,WH/stock/62-A-3,internal,TRANSFERENCIA_INTERNA,NO,355.0,ZTYRES/TRASFERENCIA/INTERNA/05166,2025
R7DE6AVD,[R7DE6AVD] 245/75 R16 N10S FEDERAL XPLORA AT,2026-03-26 17:23:47,32.0,WH/stock,internal,WH/stock/61-A-4,internal,TRANSFERENCIA_INTERNA,NO,355.0,ZTYRES/TRASFERENCIA/INTERNA/05166,2025
R7DE6AVD,[R7DE6AVD] 245/75 R16 N10S FEDERAL XPLORA AT,2026-03-26 17:23:47,24.0,WH/stock,internal,WH/stock/62-A-4,internal,TRANSFERENCIA_INTERNA,NO,355.0,ZTYRES/TRASFERENCIA/INTERNA/05166,2025
R7DE6AVD,[R7DE6AVD] 245/75 R16 N10S FEDERAL XPLORA AT,2026-03-26 17:23:47,32.0,WH/stock,internal,WH/stock/61-A-5,internal,TRANSFERENCIA_INTERNA,NO,355.0,ZTYRES/TRASFERENCIA/INTERNA/05166,2025
R7DE6AVD,[R7DE6AVD] 245/75 R16 N10S FEDERAL XPLORA AT,2026-03-26 17:23:47,15.0,WH/stock,internal,WH/stock/62-A-5,internal,TRANSFERENCIA_INTERNA,NO,355.0,ZTYRES/TRASFERENCIA/INTERNA/05166,2025
R7DE6AVD,[R7DE6AVD] 245/75 R16 N10S FEDERAL XPLORA AT,2026-03-31 23:30:17,8.0,WH/stock/130-A-1,internal,Ubicaciones de Socios/Customers,customer,VENTA,SI,347.0,ZTYRES/ENTREGA/CLIENTE/146202,2025
R7DE6AVD,[R7DE6AVD] 245/75 R16 N10S FEDERAL XPLORA AT,2026-03-31 23:30:17,8.0,WH/stock/130-A-1,internal,Ubicaciones de Socios/Customers,customer,VENTA,SI,339.0,ZTYRES/ENTREGA/CLIENTE/146608,2025
R7DE6AVD,[R7DE6AVD] 245/75 R16 N10S FEDERAL XPLORA AT,2026-04-08 20:55:34,20.0,WH/stock/130-A-1,internal,Ubicaciones de Socios/Customers,customer,VENTA,SI,319.0,ZTYRES/ENTREGA/CLIENTE/146992,2025
R7DE6AVD,[R7DE6AVD] 245/75 R16 N10S FEDERAL XPLORA AT,2026-04-10 16:50:58,4.0,WH/stock/130-A-1,internal,Ubicaciones de Socios/Customers,customer,VENTA,SI,315.0,ZTYRES/ENTREGA/CLIENTE/147657,2025
R7DE6AVD,[R7DE6AVD] 245/75 R16 N10S FEDERAL XPLORA AT,2026-04-21 17:02:20,4.0,WH/stock/61-A-1,internal,Ubicaciones de Socios/Customers,customer,VENTA,SI,311.0,ZTYRES/ENTREGA/CLIENTE/149183,2025
R7DE6AVD,[R7DE6AVD] 245/75 R16 N10S FEDERAL XPLORA AT,2026-04-27 20:55:53,2.0,WH/stock/61-A-1,internal,Ubicaciones de Socios/Customers,customer,VENTA,SI,309.0,ZTYRES/ENTREGA/CLIENTE/149969,2025
R7DE6AVD,[R7DE6AVD] 245/75 R16 N10S FEDERAL XPLORA AT,2026-04-30 20:22:30,8.0,WH/stock/61-A-1,internal,Ubicaciones de Socios/Customers,customer,VENTA,SI,301.0,ZTYRES/ENTREGA/CLIENTE/150437,2025
R7DE6AVD,[R7DE6AVD] 245/75 R16 N10S FEDERAL XPLORA AT,2026-05-04 21:57:40,40.0,Ubicaciones de Socios/Proveedor,supplier,Ubicaciones Virtuales/TRANSITO INTERNACIONAL,transit,IN_TRANSITO,NO,301.0,ZTYRES/RECEPCION/COMPRAS/INTERNACIONALES/TRANSITO/00630,
R7DE6AVD,[R7DE6AVD] 245/75 R16 N10S FEDERAL XPLORA AT,2026-05-25 20:52:06,4.0,WH/stock/61-A-2,internal,Ubicaciones de Socios/Customers,customer,VENTA,SI,297.0,ZTYRES/ENTREGA/CLIENTE/153410,2025
R7DE6AVD,[R7DE6AVD] 245/75 R16 N10S FEDERAL XPLORA AT,2026-06-05 20:42:01,4.0,WH/stock/61-A-1,internal,Ubicaciones de Socios/Customers,customer,VENTA,SI,293.0,ZTYRES/ENTREGA/CLIENTE/155622,2025
R7DE6AVD,[R7DE6AVD] 245/75 R16 N10S FEDERAL XPLORA AT,2026-06-09 20:53:22,2.0,WH/stock/61-A-1,internal,Ubicaciones de Socios/Customers,customer,VENTA,SI,291.0,ZTYRES/ENTREGA/CLIENTE/155983,2025
R7DE6AVD,[R7DE6AVD] 245/75 R16 N10S FEDERAL XPLORA AT,2026-06-18 17:28:19,12.0,WH/stock/61-A-2,internal,Ubicaciones de Socios/Customers,customer,VENTA,SI,279.0,ZTYRES/ENTREGA/CLIENTE/157374,2025
R7DE6AVD,[R7DE6AVD] 245/75 R16 N10S FEDERAL XPLORA AT,2026-06-18 17:28:19,12.0,WH/stock/61-A-1,internal,Ubicaciones de Socios/Customers,customer,VENTA,SI,267.0,ZTYRES/ENTREGA/CLIENTE/157374,2025
R7DE6AVD,[R7DE6AVD] 245/75 R16 N10S FEDERAL XPLORA AT,2026-06-24 17:20:52,4.0,WH/stock/61-A-3,internal,Ubicaciones de Socios/Customers,customer,VENTA,SI,263.0,ZTYRES/ENTREGA/CLIENTE/158485,2025
R7DE6AVD,[R7DE6AVD] 245/75 R16 N10S FEDERAL XPLORA AT,2026-06-30 23:28:30,24.0,WH/stock/61-A-3,internal,Ubicaciones de Socios/Customers,customer,VENTA,SI,239.0,ZTYRES/ENTREGA/CLIENTE/159639,2025
R7DE6AVD,[R7DE6AVD] 245/75 R16 N10S FEDERAL XPLORA AT,2026-06-30 23:28:30,16.0,WH/stock/61-A-2,internal,Ubicaciones de Socios/Customers,customer,VENTA,SI,223.0,ZTYRES/ENTREGA/CLIENTE/159638,2025
R7DE6AVD,[R7DE6AVD] 245/75 R16 N10S FEDERAL XPLORA AT,2026-06-30 23:28:30,4.0,WH/stock/61-A-3,internal,Ubicaciones de Socios/Customers,customer,VENTA,SI,219.0,ZTYRES/ENTREGA/CLIENTE/159638,2025
R7DE6AVD,[R7DE6AVD] 245/75 R16 N10S FEDERAL XPLORA AT,2026-06-30 23:28:30,12.0,WH/stock/61-A-4,internal,Ubicaciones de Socios/Customers,customer,VENTA,SI,207.0,ZTYRES/ENTREGA/CLIENTE/159547,2025
R7DE6AVD,[R7DE6AVD] 245/75 R16 N10S FEDERAL XPLORA AT,2026-06-30 23:28:30,4.0,WH/stock/61-A-4,internal,Ubicaciones de Socios/Customers,customer,VENTA,SI,203.0,ZTYRES/ENTREGA/CLIENTE/159639,2025
R7DE6AVD,[R7DE6AVD] 245/75 R16 N10S FEDERAL XPLORA AT,2026-07-02 18:00:17,40.0,Ubicaciones Virtuales/TRANSITO INTERNACIONAL,transit,WH/stock,internal,TRANSITO_A_ALMACEN,SI,243.0,ZTYRES/RECEPCION/COMPRAS/INTERNACIONALES/ALMACEN/01872,2025
R7DE6AVD,[R7DE6AVD] 245/75 R16 N10S FEDERAL XPLORA AT,2026-07-03 15:19:53,20.0,WH/stock,internal,WH/stock/61-B-1,internal,TRANSFERENCIA_INTERNA,NO,243.0,ZTYRES/TRASFERENCIA/INTERNA/05999,2025
R7DE6AVD,[R7DE6AVD] 245/75 R16 N10S FEDERAL XPLORA AT,2026-07-03 15:19:53,20.0,WH/stock,internal,WH/stock/60-B-1,internal,TRANSFERENCIA_INTERNA,NO,243.0,ZTYRES/TRASFERENCIA/INTERNA/05999,2025
R7DE6AVD,[R7DE6AVD] 245/75 R16 N10S FEDERAL XPLORA AT,2026-07-07 20:56:46,4.0,WH/stock/61-A-4,internal,Ubicaciones de Socios/Customers,customer,VENTA,SI,239.0,ZTYRES/ENTREGA/CLIENTE/160349,2025
R7DE6AVD,[R7DE6AVD] 245/75 R16 N10S FEDERAL XPLORA AT,2026-07-08 23:43:09,2.0,WH/stock/61-A-4,internal,Ubicaciones de Socios/Customers,customer,VENTA,SI,237.0,ZTYRES/ENTREGA/CLIENTE/160609,2025
